<?xml version="1.0" encoding="UTF-8"?>
<configuration>
    <include resource="org/springframework/boot/logging/logback/base.xml"/>
    <property name="FLUENTD_HOST" value="${FLUENTD_HOST:-115.85.182.200}"/>
    <property name="FLUENTD_PORT" value="${FLUENTD_PORT:-24224}"/>
    <appender name="FLUENT" class="ch.qos.logback.more.appenders.DataFluentAppender">
        <!-- Check tag and label fluentd info: https://docs.fluentd.org/configuration/config-file-->
        <tag>service.helloworld.access</tag>
        <label>normal</label>
        <remoteHost>${FLUENTD_HOST}</remoteHost>
        <port>${FLUENTD_PORT}</port>
<!--        <encoder class="ch.qos.logback.core.encoder.LayoutWrappingEncoder">-->
<!--            <layout class="ch.qos.logback.contrib.json.classic.JsonLayout">-->
<!--                <timestampFormat>yyyy-MM-dd'T'HH:mm:ss.SSSX</timestampFormat>-->
<!--                <timestampFormatTimezoneId>Etc/UTC</timestampFormatTimezoneId>-->
<!--                <appendLineSeparator>true</appendLineSeparator>-->
<!--                <jsonFormatter class="ch.qos.logback.contrib.jackson.JacksonJsonFormatter">-->
<!--                    <prettyPrint>true</prettyPrint>-->
<!--                </jsonFormatter>-->
<!--            </layout>-->
<!--        </encoder>-->
    </appender>
    <appender name="CONSOLE" class="ch.qos.logback.core.ConsoleAppender">
        <layout class="ch.qos.logback.classic.PatternLayout">
            <Pattern>
                %d{HH:mm:ss.SSS} [%t] %-5level %logger{36} - %msg%n
            </Pattern>
        </layout>
    </appender>

    <root level="info">
        <appender-ref ref="CONSOLE" />
        <appender-ref ref="FLUENT" />
    </root>
</configuration>